User ID,Username (required),Email (required),Role (required),First Name,Last Name,Degree,Expertise,Submission Date,Answer Date,Message,Password,Send Password Reset Link,"Course ID (saperate by ""-"")",Date of enrollment,Course Progress,"Completed Lesson ID 
(Specific Lessons)",Reset Progress,Address,Organization,Contact number,Order By,,,,
Should generate auto,James,james@mmail.com,Subscriber,James,Brown,,,,,,Pass@1234,Yes,1544-1565,9/15/2011,Completed ,"15,12,36",Yes,"123, Abc road",ABC Limited,987512421,XYZ LTD,,,,
Should generate auto,Robert,robert@mmail.com,Subscriber,Robert, Davis,,,,,,Pass@1234,Yes,1544-1566,9/16/2011,Completed ,"15,12,37",No,"123, Abc road",ABC Limited,987512421,XYZ LTD,,,,
Should generate auto,John,john@mmail.com,Subscriber,John,Rodriguez,,,,,,Pass@1234,Yes,1544-1567,9/17/2011,Completed ,"15,12,38",No,"123, Abc road",ABC Limited,987512421,XYZ LTD,,,,
Should generate auto,Michael,michael@mmail.com,Subscriber,Michael,Martinez,,,,,,Pass@1234,Yes,1544-1568,9/18/2011,Completed ,"15,12,39",No,"123, Abc road",ABC Limited,987512421,XYZ LTD,,,,
Should generate auto,William,william@mmail.com,Customer,William,Hernandez,,,,,,Pass@1234,Yes,1544-1569,9/19/2011,Completed ,"15,12,40",Yes,"123, Abc road",ABC Limited,987512421,XYZ LTD,,,,
Should generate auto,Linda,linda@mmail.com,Customer,Linda,Lopez,,,,,,Pass@1234,Yes,1544-1570,9/20/2011,Completed ,"15,12,41",No,"123, Abc road",ABC Limited,987512421,XYZ LTD,,,,
Should generate auto,Barbara,barbara@mmail.com,Customer,Barbara,Gonzales,,,,,,Pass@1234,Yes,1544-1571,9/21/2011,Completed ,"15,12,42",Yes,"123, Abc road",ABC Limited,987512421,XYZ LTD,,,,
Should generate auto,Sarah,sarah@mmail.com,Instructor,Sarah,Wilson,Teacher,M.Com,11/26/2010,10/26/2013,Thank you for regester as teacher !,Pass@1234,No,1544-1572,9/22/2011,,,,,,,,,,,
Should generate auto,Jessica,jessica@mmail.com,Instructor,Jessica,Taylor,Teacher,M.Com,11/27/2010,10/27/2013,Thank you for regester as teacher !,Pass@1234,No,1544-1573,9/23/2011,,,,,,,,,,,
Should generate auto,Karen,karen@mmail.com,Instructor,Karen,Moore,Teacher,M.Com,11/28/2010,10/28/2013,Thank you for regester as teacher !,Pass@1234,No,1544-1574,9/24/2011,,,,,,,,,,,
Should generate auto,Nancy,nancy@mmail.com,Instructor,Nancy,Jackson,Teacher,M.Com,11/29/2010,10/29/2013,Thank you for regester as teacher !,Pass@1234,No,1544-1575,9/25/2011,,,,,,,,,,,
Should generate auto,Margaret,margaret@mmail.com,Instructor,Margaret,Martin,Teacher,B.Com,11/30/2010,10/30/2013,Thank you for regester as teacher !,Pass@1234,No,1544-1576,9/26/2011,,,,,,,,,,,
Should generate auto,Kimberly,kimberly@mmail.com,Instructor,Kimberly,Moore,Teacher,B.Com,12/1/2010,10/31/2013,Thank you for regester as teacher !,Pass@1234,No,1544-1577,9/27/2011,,,,,,,,,,,
Should generate auto,Emily,emily@mmail.com,Instructor,Emily,Lee,Teacher,B.Com,12/2/2010,11/1/2013,Thank you for regester as teacher !,Pass@1234,No,1544-1578,9/28/2011,,,,,,,,,,,
Should generate auto,Donna,donna@mmail.com,Instructor,Donna,Clark,Teacher,B.Com,12/3/2010,11/2/2013,Thank you for regester as teacher !,Pass@1234,No,1544-1579,9/29/2011,,,,,,,,,,,
